date,01_number_1,01_number_2,01_number_3,01_number_4,01_number_5,01_number_6,02_number
2021/08/19(四),03,10,13,29,37,38,02
2021/08/16(一),02,14,16,24,27,29,07
2021/08/12(四),10,22,28,32,34,36,01
2021/08/09(一),06,10,23,29,35,38,01
2021/08/05(四),01,03,04,07,26,28,08
2021/08/02(一),10,11,23,25,30,37,05
2021/07/29(四),10,14,22,23,32,35,03
2021/07/26(一),12,19,20,26,27,34,08
2021/07/22(四),04,05,10,19,29,31,01
2021/07/19(一),01,07,09,11,12,15,06
2021/07/15(四),19,20,27,29,31,37,01
2021/07/12(一),07,15,21,22,29,36,05
2021/07/08(四),01,04,13,14,31,38,03
2021/07/05(一),04,10,11,17,18,24,01
2021/07/01(四),08,16,19,29,34,35,03
2021/06/28(一),02,06,13,16,26,28,03
2021/06/24(四),07,11,15,23,31,34,01
2021/06/21(一),02,08,10,24,37,38,02
2021/06/17(四),04,14,18,32,35,38,01
2021/06/14(一),06,08,16,27,28,38,04
2021/06/10(四),02,18,20,28,31,32,05
2021/06/07(一),05,07,10,23,28,30,07
2021/06/03(四),07,13,20,25,32,37,07
2021/05/31(一),02,05,07,10,16,36,01
2021/05/27(四),04,07,11,23,24,34,06
2021/05/24(一),05,11,14,19,33,38,02
2021/05/20(四),03,14,15,22,25,36,04
2021/05/17(一),01,04,07,12,25,26,06
2021/05/13(四),05,06,07,13,19,28,04
2021/05/10(一),03,14,22,25,28,30,08
2021/05/06(四),06,09,11,23,26,35,08
2021/05/03(一),08,16,21,26,31,37,07
2021/04/29(四),05,13,16,18,29,34,04
2021/04/26(一),01,12,24,25,31,34,06
2021/04/22(四),01,04,06,24,27,37,04
2021/04/19(一),02,08,18,22,26,32,01
2021/04/15(四),13,16,27,30,31,36,03
2021/04/12(一),15,16,19,21,24,27,02
2021/04/08(四),05,06,11,14,34,37,02
2021/04/05(一),02,04,05,11,24,32,01
2021/04/01(四),05,11,16,17,22,26,04
2021/03/29(一),02,11,18,23,26,37,02
2021/03/25(四),04,05,12,17,29,32,07
2021/03/22(一),07,14,27,31,33,36,02
2021/03/18(四),02,14,17,18,19,28,04
2021/03/15(一),03,07,14,19,26,33,02
2021/03/11(四),07,17,21,27,30,31,05
2021/03/08(一),03,09,19,23,25,31,01
2021/03/04(四),02,11,18,30,31,32,06
2021/03/01(一),05,09,10,21,32,38,07
2021/02/25(四),03,04,06,16,32,34,03
2021/02/22(一),07,13,14,17,21,27,06
2021/02/18(四),04,21,24,26,34,35,08
2021/02/15(一),02,12,13,16,22,32,07
2021/02/11(四),03,09,11,13,14,32,08
2021/02/08(一),03,06,07,11,32,37,07
2021/02/04(四),07,08,09,14,22,29,02
2021/02/01(一),01,13,17,34,36,38,02
2021/01/28(四),01,09,19,30,34,36,08
2021/01/25(一),04,11,13,22,29,31,01
2021/01/21(四),05,07,16,28,32,38,04
2021/01/18(一),02,03,17,18,20,31,08
2021/01/14(四),01,20,21,29,30,36,05
2021/01/11(一),06,14,15,18,19,33,05
2021/01/07(四),04,09,12,20,32,35,03
2021/01/04(一),07,14,20,31,34,38,03
2020/12/31(四),02,09,13,20,25,27,07
2020/12/28(一),12,15,18,22,31,38,05
2020/12/24(四),03,08,23,25,35,36,03
2020/12/21(一),02,06,12,22,32,33,02
2020/12/17(四),02,06,11,16,25,38,04
2020/12/14(一),04,06,17,23,30,35,03
2020/12/10(四),15,21,29,30,32,34,08
2020/12/07(一),03,06,12,15,28,35,08
2020/12/03(四),05,07,29,33,34,35,08
2020/11/30(一),02,04,14,15,17,21,05
2020/11/26(四),01,09,14,28,29,36,06
2020/11/23(一),11,13,16,24,26,35,06
2020/11/19(四),09,14,18,22,29,35,06
2020/11/16(一),01,20,24,26,31,32,03
2020/11/12(四),04,15,24,29,33,37,01
2020/11/09(一),06,10,29,31,34,36,05
2020/11/05(四),01,02,12,24,29,37,04
2020/11/02(一),04,12,15,32,37,38,04
2020/10/29(四),03,07,12,21,30,32,02
2020/10/26(一),11,20,24,26,36,37,01
2020/10/22(四),08,15,21,24,26,30,07
2020/10/19(一),05,07,10,19,30,38,07
2020/10/15(四),01,02,04,06,21,38,07
2020/10/12(一),03,15,16,20,24,25,04
2020/10/08(四),03,04,05,06,13,14,05
2020/10/05(一),01,14,19,26,32,35,02
2020/10/01(四),11,13,15,19,25,33,01
2020/09/28(一),08,09,11,18,26,37,02
2020/09/24(四),06,13,14,27,32,33,07
2020/09/21(一),08,09,15,19,21,34,05
2020/09/17(四),09,26,27,28,32,37,02
2020/09/14(一),06,22,26,33,37,38,02
2020/09/10(四),02,16,20,25,35,38,05
2020/09/07(一),09,15,22,31,33,38,02
2020/09/03(四),16,18,22,24,25,30,01
2020/08/31(一),01,12,14,16,17,30,06
2020/08/27(四),18,19,20,27,33,36,08
2020/08/24(一),05,24,28,29,31,33,07
2020/08/20(四),11,27,34,35,37,38,02
2020/08/17(一),06,22,24,34,36,38,07
2020/08/13(四),06,10,12,23,32,34,06
2020/08/10(一),04,05,06,15,19,22,03
2020/08/06(四),01,10,16,19,26,34,01
2020/08/03(一),01,04,14,21,24,31,08
2020/07/30(四),11,12,14,16,22,26,04
2020/07/27(一),05,08,19,21,27,37,02
2020/07/23(四),01,09,17,18,31,35,02
2020/07/20(一),04,15,20,22,26,37,01
2020/07/16(四),06,13,14,31,33,35,08
2020/07/13(一),02,03,11,18,26,31,03
2020/07/09(四),03,12,17,24,29,35,04
2020/07/06(一),15,24,30,31,32,35,08
2020/07/02(四),02,05,07,28,30,38,05
2020/06/29(一),01,08,19,26,27,38,08
2020/06/25(四),15,17,22,24,27,36,06
2020/06/22(一),07,10,21,23,24,27,01
2020/06/18(四),06,12,20,25,27,37,05
2020/06/15(一),14,16,20,23,28,32,07
2020/06/11(四),06,17,22,26,27,38,04
2020/06/08(一),01,08,15,16,28,33,06
2020/06/04(四),04,06,18,26,37,38,01
2020/06/01(一),01,04,13,19,21,25,08
2020/05/28(四),02,04,07,08,18,35,06
2020/05/25(一),03,04,14,18,28,29,04
2020/05/21(四),04,07,24,27,33,35,08
2020/05/18(一),04,11,25,27,35,36,08
2020/05/14(四),12,17,24,30,34,35,02
2020/05/11(一),14,15,25,28,32,34,08
2020/05/07(四),05,20,21,23,25,36,03
2020/05/04(一),02,19,23,31,32,35,07
2020/04/30(四),07,11,12,15,30,31,06
2020/04/27(一),01,03,13,15,17,33,01
2020/04/23(四),10,15,16,17,18,26,06
2020/04/20(一),05,12,17,20,23,38,07
2020/04/16(四),03,06,17,20,25,30,05
2020/04/13(一),10,11,18,19,22,37,01
2020/04/09(四),01,03,12,16,33,35,01
2020/04/06(一),01,14,28,30,31,33,02
2020/04/02(四),16,17,19,23,26,37,08
2020/03/30(一),09,11,12,31,33,36,05
2020/03/26(四),10,14,15,31,33,35,04
2020/03/23(一),04,16,25,30,34,37,02
2020/03/19(四),04,16,23,27,30,33,06
2020/03/16(一),04,11,13,19,31,34,07
2020/03/12(四),02,07,10,16,26,33,05
2020/03/09(一),18,19,22,27,30,35,01
2020/03/05(四),03,04,09,24,34,38,01
2020/03/02(一),13,25,30,31,33,38,08
2020/02/27(四),03,10,15,20,22,31,04
2020/02/24(一),01,06,08,14,24,30,03
2020/02/20(四),03,08,10,11,17,33,03
2020/02/17(一),09,10,21,22,24,36,01
2020/02/13(四),05,07,10,17,19,28,01
2020/02/10(一),04,12,14,16,19,21,08
2020/02/06(四),05,09,16,24,26,29,04
2020/02/03(一),10,18,24,29,34,35,02
2020/01/30(四),16,17,18,31,34,36,04
2020/01/27(一),02,14,28,29,33,37,03
2020/01/23(四),18,25,26,31,32,35,04
2020/01/20(一),12,20,27,29,33,36,01
2020/01/16(四),01,09,27,32,35,38,04
2020/01/13(一),12,13,18,19,27,28,03
2020/01/09(四),01,07,08,15,21,24,03
2020/01/06(一),06,14,19,20,23,31,07
2020/01/02(四),03,07,12,16,20,30,08
2019/12/30(一),11,13,15,19,26,31,07
2019/12/26(四),05,12,13,19,27,38,05
2019/12/23(一),12,13,25,28,30,35,03
2019/12/19(四),01,17,23,27,28,33,06
2019/12/16(一),06,14,19,29,30,31,01
2019/12/12(四),09,12,13,21,30,32,07
2019/12/09(一),01,14,16,21,25,34,06
2019/12/05(四),03,05,15,21,26,28,06
2019/12/02(一),02,08,11,24,25,30,06
2019/11/28(四),08,21,27,31,33,36,07
2019/11/25(一),06,16,17,24,28,31,05
2019/11/21(四),03,05,20,26,31,37,04
2019/11/18(一),06,08,19,28,29,32,02
2019/11/14(四),07,09,15,17,22,28,01
2019/11/11(一),09,16,22,25,26,29,04
2019/11/07(四),02,18,22,31,32,38,03
2019/11/04(一),07,08,13,15,26,30,04
2019/10/31(四),02,04,06,12,26,29,06
2019/10/28(一),05,18,20,21,26,32,05
2019/10/24(四),06,08,19,22,30,32,02
2019/10/21(一),05,07,13,20,23,27,08
2019/10/17(四),02,04,20,22,35,38,08
2019/10/14(一),13,14,15,16,31,33,04
2019/10/10(四),06,08,14,20,27,30,03
2019/10/07(一),05,15,27,29,31,36,04
2019/10/03(四),11,13,19,28,30,34,04
2019/09/30(一),03,18,21,27,33,34,05
2019/09/26(四),13,14,17,20,22,23,08
2019/09/23(一),21,23,27,30,32,36,03
2019/09/19(四),08,12,24,26,27,31,01
2019/09/16(一),02,04,11,16,21,29,03
2019/09/12(四),02,13,20,28,29,34,02
2019/09/09(一),13,19,25,26,34,36,06
2019/09/05(四),01,08,13,21,26,32,01
2019/09/02(一),02,08,11,12,25,28,08
2019/08/29(四),01,08,14,16,21,23,01
2019/08/26(一),03,07,18,22,28,35,05
2019/08/22(四),02,03,07,09,25,27,05
2019/08/19(一),06,10,18,19,29,31,06
2019/08/15(四),03,05,17,23,27,31,01
2019/08/12(一),02,06,29,31,36,37,08
2019/08/08(四),07,08,15,19,34,38,08
2019/08/05(一),01,07,14,16,20,30,04
2019/08/01(四),11,24,25,31,32,37,08
2019/07/29(一),04,07,11,14,29,36,04
2019/07/25(四),01,19,23,25,32,37,02
2019/07/22(一),02,03,06,08,13,21,07
2019/07/18(四),02,03,14,17,20,38,03
2019/07/15(一),10,18,26,29,30,34,05
2019/07/11(四),04,06,16,18,19,28,02
2019/07/08(一),05,06,18,24,25,35,02
2019/07/04(四),22,23,24,33,34,38,04
2019/07/01(一),02,14,16,17,27,28,01
2019/06/27(四),02,05,11,17,29,34,05
2019/06/24(一),14,23,27,34,35,36,03
2019/06/20(四),03,14,16,19,21,30,02
2019/06/17(一),11,13,19,33,34,36,01
2019/06/13(四),11,21,26,33,35,37,04
2019/06/10(一),07,14,29,32,36,38,05
2019/06/06(四),07,09,14,16,19,21,05
2019/06/03(一),20,23,24,29,35,38,01
2019/05/30(四),04,06,10,13,36,37,08
2019/05/27(一),04,10,13,15,31,35,01
2019/05/23(四),03,09,23,27,29,30,01
2019/05/20(一),03,15,18,19,22,26,02
2019/05/16(四),05,07,08,09,12,25,06
2019/05/13(一),05,06,13,17,23,33,02
2019/05/09(四),07,08,10,15,17,23,03
2019/05/06(一),01,15,18,24,36,38,06
2019/05/02(四),04,07,16,21,27,34,04
2019/04/29(一),03,06,27,28,29,38,01
2019/04/25(四),02,03,16,25,37,38,07
2019/04/22(一),02,03,15,16,31,36,04
2019/04/18(四),01,04,22,23,28,30,02
2019/04/15(一),04,15,16,26,27,35,04
2019/04/11(四),02,13,20,21,22,26,01
2019/04/08(一),03,05,12,31,35,36,01
2019/04/04(四),04,05,12,21,24,38,03
2019/04/01(一),01,10,11,15,28,36,08
2019/03/28(四),04,21,22,31,34,36,02
2019/03/25(一),03,06,07,20,24,27,04
2019/03/21(四),06,10,19,20,22,36,06
2019/03/18(一),02,10,11,21,22,28,07
2019/03/14(四),04,09,21,23,33,36,04
2019/03/11(一),11,15,21,27,28,33,06
2019/03/07(四),07,14,19,28,31,34,05
2019/03/04(一),02,17,19,21,27,30,02
2019/02/28(四),03,04,19,23,26,27,08
2019/02/25(一),02,04,08,10,24,30,07
2019/02/21(四),05,06,13,33,34,37,04
2019/02/18(一),03,04,07,19,24,28,04
2019/02/14(四),05,09,14,23,27,29,02
2019/02/11(一),02,13,16,17,29,36,01
2019/02/07(四),01,09,21,26,27,36,08
2019/02/04(一),06,07,13,15,28,37,03
2019/01/31(四),17,19,20,26,29,36,01
2019/01/28(一),20,22,25,29,31,32,03
2019/01/24(四),08,17,20,22,25,37,02
2019/01/21(一),02,04,05,15,27,35,03
2019/01/17(四),07,08,12,13,15,30,08
2019/01/14(一),02,11,12,19,26,28,07
2019/01/10(四),02,03,05,17,36,37,05
2019/01/07(一),10,11,17,25,28,38,03
2019/01/03(四),03,21,23,24,26,32,03
2018/12/31(一),09,11,12,23,28,36,04
2018/12/27(四),03,19,24,25,31,37,06
2018/12/24(一),03,12,13,19,22,23,01
2018/12/20(四),07,12,13,27,28,37,06
2018/12/17(一),10,14,18,27,31,32,02
2018/12/13(四),02,03,09,18,22,35,08
2018/12/10(一),01,06,10,17,33,35,07
2018/12/06(四),04,13,16,21,24,38,02
2018/12/03(一),07,17,20,21,22,23,04
2018/11/29(四),02,10,18,26,28,35,01
2018/11/26(一),01,16,25,30,31,32,07
2018/11/22(四),01,02,03,15,21,33,07
2018/11/19(一),06,10,18,22,25,38,05
2018/11/15(四),17,18,20,22,33,38,08
2018/11/12(一),02,03,05,13,18,36,08
2018/11/08(四),04,11,16,19,25,29,01
2018/11/05(一),13,17,19,20,24,30,02
2018/11/01(四),08,12,23,25,27,38,06
2018/10/29(一),03,11,20,33,34,35,02
2018/10/25(四),04,13,20,26,37,38,02
2018/10/22(一),06,07,11,14,15,34,01
2018/10/18(四),04,12,20,32,35,36,01
2018/10/15(一),03,04,13,20,23,28,07
2018/10/11(四),06,12,14,16,19,21,06
2018/10/08(一),09,16,21,24,29,36,03
2018/10/04(四),06,15,24,26,28,30,03
2018/10/01(一),02,18,21,25,31,37,08
2018/09/27(四),02,04,23,24,32,38,01
2018/09/24(一),06,07,09,22,28,33,01
2018/09/20(四),22,25,31,32,34,35,02
2018/09/17(一),02,03,12,15,21,24,03
2018/09/13(四),14,21,24,29,31,32,05
2018/09/10(一),10,22,24,31,33,36,05
2018/09/06(四),22,23,24,25,32,34,02
2018/09/03(一),01,09,12,13,17,29,03
2018/08/30(四),04,05,19,29,33,36,02
2018/08/27(一),03,04,13,22,31,38,04
2018/08/23(四),02,11,15,18,20,36,06
2018/08/20(一),04,08,13,19,30,35,04
2018/08/16(四),19,24,27,33,34,38,06
2018/08/13(一),03,16,19,25,35,36,02
2018/08/09(四),03,09,10,26,29,36,05
2018/08/06(一),05,13,20,27,34,38,02
2018/08/02(四),06,10,14,20,25,26,04
2018/07/30(一),03,09,10,24,28,31,06
2018/07/26(四),06,08,22,24,25,31,02
2018/07/23(一),03,04,17,23,28,32,01
2018/07/19(四),01,08,24,26,30,37,05
2018/07/16(一),05,07,11,19,29,33,06
2018/07/12(四),04,12,14,16,25,27,03
2018/07/09(一),01,07,10,20,23,24,01
2018/07/05(四),03,15,19,22,27,38,06
2018/07/02(一),02,04,07,11,19,32,05
2018/06/28(四),06,15,18,24,25,28,05
2018/06/25(一),06,22,27,33,35,38,08
2018/06/21(四),14,19,24,31,34,36,02
2018/06/18(一),01,07,09,10,16,17,06
2018/06/14(四),05,06,12,20,23,32,02
2018/06/11(一),04,16,17,20,23,27,04
2018/06/07(四),01,18,24,27,30,31,04
2018/06/04(一),04,17,25,27,31,33,07
2018/05/31(四),02,03,13,23,26,38,07
2018/05/28(一),09,12,14,20,26,32,06
2018/05/24(四),05,15,22,24,29,38,08
2018/05/21(一),04,07,16,21,35,36,01
2018/05/17(四),10,11,17,22,24,38,04
2018/05/14(一),05,12,27,30,32,37,07
2018/05/10(四),08,09,13,18,22,36,08
2018/05/07(一),05,08,15,28,33,35,06
2018/05/03(四),06,09,10,12,18,26,05
2018/04/30(一),04,08,12,16,18,22,02
2018/04/26(四),08,18,19,26,27,35,02
2018/04/23(一),03,07,13,16,21,36,07
2018/04/19(四),04,09,15,18,29,33,07
2018/04/16(一),19,20,23,24,32,38,01
2018/04/12(四),09,10,12,21,24,37,07
2018/04/09(一),01,03,13,21,23,38,02
2018/04/05(四),06,15,19,34,37,38,03
2018/04/02(一),09,18,22,28,29,30,02
2018/03/29(四),08,13,14,19,24,36,02
2018/03/26(一),11,13,14,15,22,32,02
2018/03/22(四),08,13,15,24,33,34,07
2018/03/19(一),13,16,21,23,34,38,06
2018/03/15(四),01,04,16,19,24,28,06
2018/03/12(一),02,08,13,19,22,36,01
2018/03/08(四),01,12,24,25,31,35,04
2018/03/05(一),12,13,20,22,31,38,02
2018/03/01(四),12,22,25,31,32,36,02
2018/02/26(一),05,06,12,19,26,33,06
2018/02/22(四),03,05,07,16,18,27,01
2018/02/19(一),05,08,12,26,30,36,04
2018/02/15(四),01,08,11,14,15,19,03
2018/02/12(一),01,06,08,17,25,33,02
2018/02/08(四),04,06,11,14,18,24,05
2018/02/05(一),09,10,24,25,27,33,02
2018/02/01(四),02,13,17,19,26,36,06
2018/01/29(一),02,08,26,32,33,37,07
2018/01/25(四),09,14,20,29,36,38,04
2018/01/22(一),06,09,10,13,28,38,06
2018/01/18(四),05,11,16,17,23,38,02
2018/01/15(一),06,13,16,26,32,33,03
2018/01/11(四),05,08,12,19,25,38,03
2018/01/08(一),03,06,11,26,31,38,06
2018/01/04(四),02,12,21,24,34,37,05
2018/01/01(一),13,15,16,30,32,37,06
2017/12/28(四),01,14,18,23,28,29,07
2017/12/25(一),02,10,12,15,16,21,05
2017/12/21(四),03,08,22,23,24,36,04
2017/12/18(一),01,03,07,17,24,28,07
2017/12/14(四),01,06,12,24,25,30,03
2017/12/11(一),03,10,15,16,23,38,03
2017/12/07(四),03,04,07,17,20,22,05
2017/12/04(一),17,19,20,24,26,36,03
2017/11/30(四),07,08,13,28,29,34,02
2017/11/27(一),10,13,14,17,20,21,02
2017/11/23(四),14,17,20,28,29,34,05
2017/11/20(一),09,16,18,26,30,37,05
2017/11/16(四),01,11,13,20,21,38,02
2017/11/13(一),04,15,17,20,25,28,01
2017/11/09(四),08,18,19,20,23,37,08
2017/11/06(一),01,09,16,21,27,31,05
2017/11/02(四),02,09,19,26,29,31,01
2017/10/30(一),13,14,19,24,32,38,01
2017/10/26(四),05,07,24,26,34,38,03
2017/10/23(一),10,11,17,30,33,35,08
2017/10/19(四),06,08,10,11,12,21,06
2017/10/16(一),02,07,09,16,17,25,07
2017/10/12(四),04,17,20,25,27,33,06
2017/10/09(一),15,17,19,20,24,27,08
2017/10/05(四),06,07,08,12,28,30,01
2017/10/02(一),03,13,17,26,34,38,08
2017/09/28(四),01,04,18,25,34,36,01
2017/09/25(一),03,04,15,16,24,34,04
2017/09/21(四),04,06,11,16,18,23,04
2017/09/18(一),02,04,08,22,26,37,01
2017/09/14(四),05,13,22,25,26,31,05
2017/09/11(一),01,03,21,26,32,34,02
2017/09/07(四),02,03,07,12,14,22,04
2017/09/04(一),08,10,14,15,18,29,02
2017/08/31(四),02,05,08,09,14,18,04
2017/08/28(一),04,10,15,16,17,28,01
2017/08/24(四),04,12,15,17,22,30,03
2017/08/21(一),01,03,17,20,26,31,02
2017/08/17(四),09,11,12,13,24,30,04
2017/08/14(一),01,08,13,19,30,35,05
2017/08/10(四),01,05,12,22,30,32,08
2017/08/07(一),04,06,07,22,25,37,04
2017/08/03(四),01,17,18,21,25,37,01
2017/07/31(一),01,08,09,29,35,38,01
2017/07/27(四),11,15,17,26,29,34,01
2017/07/24(一),05,19,25,29,32,34,08
2017/07/20(四),09,10,13,15,22,35,03
2017/07/17(一),06,10,11,25,32,38,03
2017/07/13(四),13,16,18,19,30,33,03
2017/07/10(一),05,14,16,21,22,28,05
2017/07/06(四),08,12,21,30,34,35,05
2017/07/03(一),03,07,08,11,31,32,03
2017/06/29(四),04,07,19,20,25,36,08
2017/06/26(一),17,19,20,27,31,37,03
2017/06/22(四),03,06,12,18,20,35,02
2017/06/19(一),06,09,13,21,24,30,05
2017/06/15(四),08,13,23,28,34,35,02
2017/06/12(一),07,09,15,20,30,31,05
2017/06/08(四),01,08,09,11,26,29,04
2017/06/05(一),02,04,15,16,25,36,03
2017/06/01(四),01,05,08,31,34,35,02
2017/05/29(一),01,08,11,13,20,37,01
2017/05/25(四),07,15,22,24,26,34,01
2017/05/22(一),02,05,10,11,36,38,03
2017/05/18(四),01,04,15,17,30,32,03
2017/05/15(一),06,11,12,14,27,31,04
2017/05/11(四),04,06,12,28,29,37,03
2017/05/08(一),03,07,14,17,26,38,07
2017/05/04(四),04,09,13,14,19,37,02
2017/05/01(一),02,04,07,16,17,23,01
2017/04/27(四),04,06,11,18,24,26,04
2017/04/24(一),01,06,12,24,25,35,06
2017/04/20(四),01,14,16,19,24,35,08
2017/04/17(一),02,11,23,24,34,35,04
2017/04/13(四),01,07,09,19,30,37,04
2017/04/10(一),06,08,10,12,18,38,03
2017/04/06(四),01,02,07,33,36,37,05
2017/04/03(一),01,13,15,22,26,33,06
2017/03/30(四),05,10,12,16,31,37,07
2017/03/27(一),05,12,22,34,35,38,02
2017/03/23(四),07,08,14,15,18,29,02
2017/03/20(一),03,04,27,29,35,38,02
2017/03/16(四),02,08,11,15,20,21,02
2017/03/13(一),05,13,14,23,30,32,02
2017/03/09(四),06,07,18,20,24,32,07
2017/03/06(一),06,07,11,23,25,26,04
2017/03/02(四),03,08,14,19,28,34,02
2017/02/27(一),18,20,25,32,37,38,01
2017/02/23(四),01,02,06,11,16,29,07
2017/02/20(一),12,16,17,24,35,38,04
2017/02/16(四),06,12,14,15,20,24,07
2017/02/13(一),04,09,21,22,25,33,07
2017/02/09(四),01,03,25,28,30,36,02
2017/02/06(一),02,15,20,21,33,34,03
2017/02/02(四),01,09,10,20,30,37,03
2017/01/30(一),03,07,08,10,18,31,04
2017/01/26(四),02,08,16,17,24,38,05
2017/01/23(一),02,05,07,08,15,24,07
2017/01/19(四),03,07,25,26,35,36,05
2017/01/16(一),15,16,18,20,23,24,03
2017/01/12(四),02,07,10,17,31,32,03
2017/01/09(一),04,08,15,24,35,36,06
2017/01/05(四),07,13,18,24,29,37,07
2017/01/02(一),04,07,09,21,31,34,02
2016/12/29(四),08,11,15,17,21,31,07
2016/12/26(一),07,11,22,24,31,36,03
2016/12/22(四),09,10,16,29,32,38,06
2016/12/19(一),06,09,12,23,28,34,05
2016/12/15(四),02,04,09,13,33,36,06
2016/12/12(一),05,11,15,20,26,31,04
2016/12/08(四),01,08,16,18,22,30,06
2016/12/05(一),13,23,30,32,33,35,08
2016/12/01(四),05,12,18,27,34,38,05
2016/11/28(一),13,18,26,30,32,36,03
2016/11/24(四),01,07,10,15,16,28,02
2016/11/21(一),10,14,23,28,32,36,02
2016/11/17(四),07,08,28,29,37,38,01
2016/11/14(一),05,06,13,15,17,30,07
2016/11/10(四),01,04,05,15,27,29,04
2016/11/07(一),09,19,22,29,30,34,04
2016/11/03(四),04,05,14,21,26,36,05
2016/10/31(一),10,15,20,24,27,34,08
2016/10/27(四),05,11,12,26,31,33,07
2016/10/24(一),01,05,06,08,14,27,04
2016/10/20(四),04,13,19,23,24,29,05
2016/10/17(一),01,06,10,20,23,35,06
2016/10/13(四),02,05,06,10,33,36,03
2016/10/10(一),07,11,20,29,34,38,04
2016/10/06(四),05,07,14,19,33,34,03
2016/10/03(一),02,07,26,27,32,36,02
2016/09/29(四),02,06,13,20,28,37,02
2016/09/26(一),05,10,11,20,22,36,06
2016/09/22(四),14,15,19,24,25,37,06
2016/09/19(一),07,08,12,15,18,31,06
2016/09/15(四),03,04,06,17,29,37,07
2016/09/12(一),09,11,13,23,33,36,03
2016/09/08(四),10,18,21,27,31,33,03
2016/09/05(一),04,07,21,25,35,37,04
2016/09/01(四),10,14,18,21,29,37,05
2016/08/29(一),07,08,23,29,32,34,05
2016/08/25(四),01,13,30,31,33,37,08
2016/08/22(一),12,16,23,26,29,33,07
2016/08/18(四),01,08,17,22,24,26,06
2016/08/15(一),05,08,14,28,30,38,05
2016/08/11(四),01,22,31,33,35,37,03
2016/08/08(一),01,02,12,16,21,35,03
2016/08/04(四),06,14,17,18,32,38,02
2016/08/01(一),01,18,22,26,35,38,02
2016/07/28(四),03,06,08,17,21,37,01
2016/07/25(一),05,06,14,26,31,38,06
2016/07/21(四),13,20,22,23,29,38,08
2016/07/18(一),01,09,14,26,30,37,06
2016/07/14(四),07,25,27,31,36,37,07
2016/07/11(一),05,10,14,31,34,38,02
2016/07/07(四),02,05,11,17,23,27,02
2016/07/04(一),01,21,29,31,33,34,02
2016/06/30(四),06,16,22,23,31,34,08
2016/06/27(一),14,18,19,26,27,29,06
2016/06/23(四),05,08,12,15,31,33,05
2016/06/20(一),02,06,07,09,21,32,04
2016/06/16(四),02,09,11,19,31,35,04
2016/06/13(一),03,10,14,21,23,36,03
2016/06/09(四),10,12,24,27,35,38,06
2016/06/06(一),06,13,14,24,29,38,08
2016/06/02(四),11,16,17,33,34,38,08
2016/05/30(一),03,12,17,27,28,38,04
2016/05/26(四),03,05,12,24,25,28,06
2016/05/23(一),03,11,14,15,35,38,02
2016/05/19(四),01,10,16,23,30,32,02
2016/05/16(一),09,11,21,27,28,38,04
2016/05/12(四),01,12,15,19,22,32,05
2016/05/09(一),04,14,20,30,37,38,04
2016/05/05(四),02,09,14,16,18,19,06
2016/05/02(一),09,15,17,18,22,28,06
2016/04/28(四),01,06,08,15,24,37,07
2016/04/25(一),07,08,10,21,27,34,04
2016/04/21(四),13,15,16,23,27,30,02
2016/04/18(一),04,08,12,17,21,35,08
2016/04/14(四),15,22,28,29,30,38,07
2016/04/11(一),02,15,21,23,31,36,01
2016/04/07(四),03,06,26,29,33,36,05
2016/04/04(一),02,08,14,16,29,37,06
2016/03/31(四),02,07,11,25,26,28,04
2016/03/28(一),04,08,14,16,27,34,02
2016/03/24(四),03,08,16,24,31,38,06
2016/03/21(一),09,10,19,25,27,32,05
2016/03/17(四),07,09,19,26,28,31,08
2016/03/14(一),03,06,07,13,17,28,03
2016/03/10(四),06,16,21,32,35,38,07
2016/03/07(一),10,11,14,24,34,38,03
2016/03/03(四),03,11,12,22,24,27,06
2016/02/29(一),01,09,15,17,18,38,06
2016/02/25(四),10,15,18,28,29,33,05
2016/02/22(一),04,12,19,23,30,33,05
2016/02/18(四),08,20,23,27,36,37,04
2016/02/15(一),03,07,09,20,28,32,05
2016/02/11(四),01,16,20,25,30,33,01
2016/02/08(一),01,04,08,11,19,23,03
2016/02/04(四),07,13,22,32,34,37,07
2016/02/01(一),03,19,20,26,32,34,08
2016/01/28(四),03,09,23,26,30,36,05
2016/01/25(一),20,23,24,25,29,32,08
2016/01/21(四),06,15,18,22,34,35,03
2016/01/18(一),01,16,17,29,30,32,07
2016/01/14(四),09,11,13,17,27,34,06
2016/01/11(一),19,27,33,34,35,36,04
2016/01/07(四),05,14,28,34,35,38,06
2016/01/04(一),11,13,18,26,28,29,07
2015/12/31(四),03,13,22,26,31,37,06
2015/12/28(一),05,11,12,26,30,37,05
2015/12/24(四),13,17,23,27,29,34,05
2015/12/21(一),01,06,11,14,20,38,05
2015/12/17(四),06,08,13,15,17,29,05
2015/12/14(一),02,06,07,09,16,25,01
2015/12/10(四),11,12,26,30,32,34,08
2015/12/07(一),13,19,20,23,32,34,04
2015/12/03(四),07,08,17,19,20,30,02
2015/11/30(一),04,13,20,27,33,38,01
2015/11/26(四),03,04,05,07,19,38,04
2015/11/23(一),01,05,09,15,19,22,05
2015/11/19(四),03,05,27,28,35,37,05
2015/11/16(一),02,09,15,20,22,23,05
2015/11/12(四),01,02,13,15,29,33,03
2015/11/09(一),06,07,13,26,28,33,05
2015/11/05(四),01,11,12,20,24,37,08
2015/11/02(一),03,14,21,25,28,36,03
2015/10/29(四),03,10,11,18,19,33,05
2015/10/26(一),02,09,19,20,31,32,07
2015/10/22(四),04,08,16,24,26,33,06
2015/10/19(一),04,17,25,27,32,37,01
2015/10/15(四),09,10,24,31,35,36,07
2015/10/12(一),04,19,23,31,33,35,02
2015/10/08(四),07,09,10,16,19,22,08
2015/10/05(一),20,22,30,32,36,37,01
2015/10/01(四),02,06,14,16,23,31,03
2015/09/28(一),05,12,13,22,27,30,08
2015/09/24(四),03,05,13,16,24,26,03
2015/09/21(一),01,02,05,11,25,33,04
2015/09/17(四),09,11,24,27,34,35,04
2015/09/14(一),09,19,21,23,27,37,08
2015/09/10(四),15,22,25,26,32,34,04
2015/09/07(一),07,24,25,28,31,34,03
2015/09/03(四),03,04,05,15,16,33,06
2015/08/31(一),12,15,24,31,36,37,06
2015/08/27(四),02,17,23,27,30,34,01
2015/08/24(一),13,17,18,22,29,31,03
2015/08/20(四),03,07,20,21,24,33,08
2015/08/17(一),15,19,23,27,28,33,02
2015/08/13(四),06,13,25,27,29,33,01
2015/08/10(一),06,16,18,20,24,38,07
2015/08/06(四),06,08,09,14,22,24,03
2015/08/03(一),17,18,28,30,36,38,04
2015/07/30(四),03,09,11,16,23,24,04
2015/07/27(一),04,07,23,26,30,36,07
2015/07/23(四),02,03,11,16,18,29,04
2015/07/20(一),13,16,28,33,35,37,08
2015/07/16(四),01,02,07,24,31,38,08
2015/07/13(一),01,12,17,27,29,31,06
2015/07/09(四),03,04,15,27,32,36,05
2015/07/06(一),07,11,12,14,22,27,03
2015/07/02(四),07,23,29,31,36,37,08
2015/06/29(一),07,24,25,26,27,29,07
2015/06/25(四),03,08,10,17,27,37,08
2015/06/22(一),03,05,11,19,26,27,02
2015/06/18(四),05,08,13,17,21,38,05
2015/06/15(一),04,07,08,25,31,35,08
2015/06/11(四),09,24,26,27,37,38,06
2015/06/08(一),06,10,11,13,19,28,01
2015/06/04(四),03,15,21,24,33,35,02
2015/06/01(一),02,23,25,32,34,37,06
2015/05/28(四),19,21,22,25,31,33,01
2015/05/25(一),04,07,11,25,30,38,04
2015/05/21(四),01,06,12,15,25,37,02
2015/05/18(一),05,06,13,17,23,38,08
2015/05/14(四),10,15,16,22,30,35,05
2015/05/11(一),03,05,10,23,30,31,04
2015/05/07(四),07,13,18,24,26,27,06
2015/05/04(一),06,08,13,16,25,33,03
2015/04/30(四),12,13,23,26,32,35,04
2015/04/27(一),02,12,14,26,34,37,02
2015/04/23(四),09,11,15,25,28,38,03
2015/04/20(一),11,21,22,24,25,26,06
2015/04/16(四),03,08,26,28,29,35,03
2015/04/13(一),05,12,20,23,32,37,02
2015/04/09(四),02,06,11,12,15,28,02
2015/04/06(一),01,07,20,22,25,32,08
2015/04/02(四),01,08,12,18,19,37,05
2015/03/30(一),01,08,10,19,23,24,05
2015/03/26(四),06,14,24,26,36,38,03
2015/03/23(一),10,12,17,18,27,32,05
2015/03/19(四),06,17,30,34,35,38,02
2015/03/16(一),05,08,20,22,30,34,08
2015/03/12(四),01,02,14,22,27,30,01
2015/03/09(一),03,12,16,18,21,36,03
2015/03/05(四),02,04,08,13,24,26,02
2015/03/02(一),09,11,12,21,31,36,07
2015/02/26(四),08,21,22,26,32,37,04
2015/02/23(一),05,13,31,34,35,38,02
2015/02/19(四),04,12,13,15,23,38,04
2015/02/16(一),04,05,07,23,24,30,02
2015/02/12(四),07,08,10,25,33,36,03
2015/02/09(一),01,03,04,15,16,34,02
2015/02/05(四),03,10,16,25,29,37,01
2015/02/02(一),01,04,17,24,26,27,07
2015/01/29(四),01,04,14,18,29,30,08
2015/01/26(一),04,12,24,25,33,38,04
2015/01/22(四),14,18,26,27,30,36,05
2015/01/19(一),04,08,09,21,32,33,02
2015/01/15(四),01,03,16,28,29,37,02
2015/01/12(一),16,25,30,35,36,37,05
2015/01/08(四),03,13,17,29,36,38,07
2015/01/05(一),01,06,15,23,26,34,06
2015/01/01(四),01,03,05,11,17,21,02
2014/12/29(一),02,04,09,10,11,37,02
2014/12/25(四),03,06,10,14,23,36,01
2014/12/22(一),01,04,05,13,19,37,02
2014/12/18(四),01,05,18,20,26,29,05
2014/12/15(一),05,10,11,15,36,38,06
2014/12/11(四),07,12,13,21,24,28,06
2014/12/08(一),11,20,24,27,35,38,08
2014/12/04(四),02,05,07,11,22,36,06
2014/12/01(一),01,02,07,14,19,31,07
2014/11/27(四),01,02,21,29,33,36,08
2014/11/24(一),03,05,19,22,24,32,02
2014/11/20(四),12,17,30,31,33,35,04
2014/11/17(一),05,06,13,24,32,34,01
2014/11/13(四),12,14,15,17,27,35,06
2014/11/10(一),01,06,14,17,31,34,08
2014/11/06(四),05,15,19,20,32,36,03
2014/11/03(一),02,06,08,11,26,38,07
2014/10/30(四),06,08,09,10,27,34,06
2014/10/27(一),07,09,10,24,37,38,08
2014/10/23(四),08,12,27,28,35,38,06
2014/10/20(一),11,21,25,30,34,37,01
2014/10/16(四),09,11,12,20,24,30,02
2014/10/13(一),03,19,26,30,33,35,02
2014/10/09(四),02,06,07,08,09,38,08
2014/10/06(一),15,20,22,25,33,35,07
2014/10/02(四),04,12,13,26,31,33,06
2014/09/29(一),02,08,15,27,28,36,07
2014/09/25(四),10,12,22,26,28,36,08
2014/09/22(一),08,15,18,23,31,37,08
2014/09/18(四),05,10,15,23,24,35,06
2014/09/15(一),03,14,15,20,21,28,08
2014/09/11(四),05,07,15,25,29,37,08
2014/09/08(一),05,18,19,21,31,37,08
2014/09/04(四),01,08,10,14,24,26,01
2014/09/01(一),05,14,22,23,26,32,08
2014/08/28(四),01,15,23,24,26,29,05
2014/08/25(一),03,05,10,20,26,30,06
2014/08/21(四),18,22,23,25,32,36,06
2014/08/18(一),10,12,18,31,34,37,05
2014/08/14(四),04,11,12,16,19,23,06
2014/08/11(一),14,16,25,27,29,36,07
2014/08/07(四),17,18,23,25,26,36,05
2014/08/04(一),05,10,18,26,28,33,02
2014/07/31(四),01,15,17,31,33,38,02
2014/07/28(一),05,11,15,16,23,35,01
2014/07/24(四),06,17,25,29,35,36,01
2014/07/21(一),01,03,04,10,13,37,01
2014/07/17(四),16,20,21,27,29,37,03
2014/07/14(一),01,18,25,26,37,38,06
2014/07/10(四),01,02,10,21,22,31,08
2014/07/07(一),04,10,14,30,32,33,08
2014/07/03(四),08,10,14,22,31,36,04
2014/06/30(一),04,14,21,25,28,29,02
2014/06/26(四),04,12,19,24,27,30,07
2014/06/23(一),04,14,18,19,26,34,03
2014/06/19(四),10,11,16,24,29,30,01
2014/06/16(一),03,11,24,27,29,37,01
2014/06/12(四),04,14,19,22,27,30,05
2014/06/09(一),04,05,14,18,21,33,02
2014/06/05(四),08,10,12,19,20,37,01
2014/06/02(一),07,11,14,20,31,34,07
2014/05/29(四),18,19,22,27,32,35,02
2014/05/26(一),02,09,10,19,22,32,05
2014/05/22(四),09,12,20,34,36,37,03
2014/05/19(一),01,16,22,31,33,36,04
2014/05/15(四),07,09,21,28,33,35,08
2014/05/12(一),01,02,05,08,09,29,01
2014/05/08(四),09,10,14,19,28,29,08
2014/05/05(一),16,24,25,31,32,33,05
2014/05/01(四),02,04,05,11,32,33,08
2014/04/28(一),01,04,18,26,30,36,01
2014/04/24(四),08,14,19,21,30,31,02
2014/04/21(一),09,12,13,24,25,34,05
2014/04/17(四),01,06,17,19,27,30,06
2014/04/14(一),06,22,31,32,33,38,04
2014/04/10(四),06,10,14,15,18,24,07
2014/04/07(一),05,21,25,28,32,38,05
2014/04/03(四),02,13,22,25,27,33,08
2014/03/31(一),02,08,15,16,17,30,06
2014/03/27(四),04,15,19,22,37,38,05
2014/03/24(一),06,14,24,31,35,37,01
2014/03/20(四),01,08,18,25,35,37,05
2014/03/17(一),02,12,15,22,27,28,05
2014/03/13(四),11,15,19,21,27,30,04
2014/03/10(一),11,18,22,27,28,29,04
2014/03/06(四),08,13,15,20,27,28,04
2014/03/03(一),01,05,09,13,28,37,05
2014/02/27(四),04,08,20,21,23,26,05
2014/02/24(一),10,15,23,27,29,36,05
2014/02/20(四),01,03,10,13,18,30,01
2014/02/17(一),08,12,14,17,33,37,05
2014/02/13(四),06,08,16,20,35,36,08
2014/02/10(一),13,20,25,27,28,33,01
2014/02/06(四),02,08,25,29,35,36,02
2014/02/03(一),17,19,21,24,28,37,06
2014/01/30(四),06,10,11,14,16,30,01
2014/01/27(一),08,20,26,28,36,38,08
2014/01/23(四),12,26,28,29,31,32,06
2014/01/20(一),04,09,21,23,36,37,03
2014/01/16(四),13,14,23,34,37,38,07
2014/01/13(一),03,04,23,24,26,30,02
2014/01/09(四),04,22,23,31,34,35,01
2014/01/06(一),07,08,12,18,23,31,02
2014/01/02(四),08,10,19,27,28,37,03
2013/12/30(一),06,31,32,34,35,37,04
2013/12/26(四),02,12,13,21,22,26,04
2013/12/23(一),08,10,12,21,30,33,01
2013/12/19(四),04,06,13,26,36,38,08
2013/12/16(一),04,14,21,22,26,32,07
2013/12/12(四),01,08,25,28,34,38,06
2013/12/09(一),05,07,14,15,34,38,01
2013/12/05(四),05,08,20,22,31,35,07
2013/12/02(一),03,05,28,31,32,35,01
2013/11/28(四),16,17,18,28,35,37,04
2013/11/25(一),04,12,25,30,33,35,02
2013/11/21(四),05,15,21,23,27,35,07
2013/11/18(一),03,06,10,31,35,37,01
2013/11/14(四),12,18,21,28,36,38,01
2013/11/11(一),08,11,13,16,22,24,07
2013/11/07(四),01,09,11,13,19,27,05
2013/11/04(一),05,07,22,28,31,36,03
2013/10/31(四),01,04,06,16,32,38,03
2013/10/28(一),04,10,13,14,29,30,07
2013/10/24(四),11,13,15,30,33,36,03
2013/10/21(一),06,10,16,23,24,30,08
2013/10/17(四),02,03,07,17,26,31,08
2013/10/14(一),02,14,25,27,29,38,03
2013/10/10(四),07,12,25,31,34,36,05
2013/10/07(一),01,06,23,24,25,36,04
2013/10/03(四),04,08,15,25,29,32,01
2013/09/30(一),02,04,07,16,21,38,07
2013/09/26(四),04,05,07,18,30,37,01
2013/09/23(一),12,18,19,24,25,28,05
2013/09/19(四),06,18,21,22,33,38,04
2013/09/16(一),01,05,06,07,22,26,07
2013/09/12(四),02,03,08,18,30,37,07
2013/09/09(一),02,10,21,26,31,32,08
2013/09/05(四),07,10,15,22,32,38,02
2013/09/02(一),02,08,13,20,21,29,08
2013/08/29(四),03,05,06,28,31,37,06
2013/08/26(一),02,04,09,17,35,38,05
2013/08/22(四),01,04,14,17,28,34,05
2013/08/19(一),05,08,09,18,26,34,08
2013/08/15(四),03,07,17,20,28,29,05
2013/08/12(一),05,19,20,22,23,30,02
2013/08/08(四),02,04,07,08,16,27,06
2013/08/05(一),12,14,18,27,28,34,05
2013/08/01(四),06,15,19,20,31,34,02
2013/07/29(一),02,06,13,18,22,25,06
2013/07/25(四),08,11,20,22,23,37,06
2013/07/22(一),03,19,24,33,34,36,01
2013/07/18(四),01,02,06,12,30,36,03
2013/07/15(一),01,05,08,20,23,25,08
2013/07/11(四),01,09,21,28,30,35,07
2013/07/08(一),04,15,19,21,32,38,06
2013/07/04(四),06,07,09,13,25,26,04
2013/07/01(一),04,07,11,15,24,37,07
2013/06/27(四),04,07,08,14,35,36,03
2013/06/24(一),12,15,22,24,33,37,06
2013/06/20(四),01,02,07,11,13,24,03
2013/06/17(一),19,22,23,25,29,38,01
2013/06/13(四),14,21,32,34,37,38,03
2013/06/10(一),03,09,16,30,32,37,05
2013/06/06(四),08,09,17,22,34,37,08
2013/06/03(一),06,26,34,35,36,37,03
2013/05/30(四),07,13,22,23,31,33,01
2013/05/27(一),04,07,17,32,33,37,07
2013/05/23(四),10,21,27,31,33,35,07
2013/05/20(一),08,12,16,27,33,36,03
2013/05/16(四),07,08,14,24,31,34,08
2013/05/13(一),05,06,12,27,29,33,01
2013/05/09(四),03,06,09,15,21,30,05
2013/05/06(一),05,07,11,12,24,28,08
2013/05/02(四),04,10,21,26,29,37,03
2013/04/29(一),14,16,20,23,27,30,08
2013/04/25(四),07,09,18,21,24,37,06
2013/04/22(一),13,16,22,24,29,36,05
2013/04/18(四),03,15,22,23,25,30,05
2013/04/15(一),11,13,19,20,28,29,06
2013/04/11(四),02,07,19,27,28,36,07
2013/04/08(一),07,09,10,30,33,34,08
2013/04/04(四),01,07,30,31,33,38,05
2013/04/01(一),01,04,06,12,35,37,06
2013/03/28(四),01,06,10,15,19,34,07
2013/03/25(一),02,11,15,17,30,36,01
2013/03/21(四),09,16,24,34,35,37,05
2013/03/18(一),03,04,10,14,16,31,04
2013/03/14(四),02,08,11,15,26,34,06
2013/03/11(一),03,09,12,14,22,25,02
2013/03/07(四),12,15,20,29,32,35,05
2013/03/04(一),02,05,16,24,28,37,02
2013/02/28(四),10,12,16,19,26,32,05
2013/02/25(一),01,06,14,20,32,35,05
2013/02/21(四),21,24,32,35,37,38,05
2013/02/18(一),02,03,19,31,32,35,01
2013/02/14(四),13,14,16,22,31,32,03
2013/02/11(一),01,09,19,29,32,36,05
2013/02/07(四),03,09,15,23,26,37,02
2013/02/04(一),06,10,12,19,30,32,05
2013/01/31(四),03,15,22,28,31,37,08
2013/01/28(一),03,08,22,26,27,29,05
2013/01/24(四),05,08,10,22,26,38,02
2013/01/21(一),01,05,11,14,22,36,01
2013/01/17(四),03,08,09,15,16,25,05
2013/01/14(一),03,05,10,23,29,30,02
2013/01/10(四),02,04,13,16,18,29,05
2013/01/07(一),01,10,17,22,24,26,07
2013/01/03(四),03,04,06,17,29,35,07
2012/12/31(一),15,22,24,28,29,36,02
2012/12/27(四),15,16,27,30,35,36,02
2012/12/24(一),01,07,10,14,29,30,04
2012/12/20(四),01,24,26,29,32,38,07
2012/12/17(一),03,12,24,27,32,34,04
2012/12/13(四),06,08,14,27,28,33,01
2012/12/10(一),04,06,15,20,22,38,07
2012/12/06(四),01,05,10,12,21,24,08
2012/12/03(一),05,09,11,14,22,30,08
2012/11/29(四),03,06,11,16,21,35,02
2012/11/26(一),04,05,08,18,23,29,02
2012/11/22(四),08,22,26,27,36,38,08
2012/11/19(一),02,06,28,29,32,37,04
2012/11/15(四),03,11,12,27,32,35,02
2012/11/12(一),01,08,21,24,31,33,08
2012/11/08(四),08,10,18,22,25,33,07
2012/11/05(一),01,10,12,15,30,33,06
2012/11/01(四),06,07,12,15,24,38,03
2012/10/29(一),12,13,26,30,36,38,08
2012/10/25(四),03,04,07,19,28,30,08
2012/10/22(一),05,10,14,19,21,24,05
2012/10/18(四),02,08,15,19,22,29,04
2012/10/15(一),09,12,16,18,28,29,07
2012/10/11(四),01,06,12,23,28,34,02
2012/10/08(一),07,29,31,32,35,36,07
2012/10/04(四),02,16,17,19,24,28,05
2012/10/01(一),07,11,14,16,19,34,05
2012/09/27(四),11,13,15,27,29,32,03
2012/09/24(一),04,07,19,20,24,30,01
2012/09/20(四),04,11,14,18,21,34,02
2012/09/17(一),01,06,07,10,21,27,05
2012/09/13(四),01,04,05,14,17,26,08
2012/09/10(一),02,09,17,20,35,38,07
2012/09/06(四),07,13,23,32,34,36,03
2012/09/03(一),01,12,14,17,24,27,03
2012/08/30(四),01,02,08,09,22,36,05
2012/08/27(一),03,06,16,23,25,37,07
2012/08/23(四),01,05,11,16,21,31,08
2012/08/20(一),05,14,17,20,23,30,06
2012/08/16(四),11,13,14,16,36,38,05
2012/08/13(一),05,10,17,22,35,37,05
2012/08/09(四),02,03,23,25,27,33,01
2012/08/06(一),09,12,17,18,27,33,04
2012/08/02(四),18,21,27,29,30,37,04
2012/07/30(一),03,10,18,24,29,37,07
2012/07/26(四),02,07,10,11,19,33,01
2012/07/23(一),05,12,18,33,34,37,02
2012/07/19(四),14,23,25,26,30,31,03
2012/07/16(一),12,19,23,36,37,38,06
2012/07/12(四),10,15,20,22,34,36,05
2012/07/09(一),01,06,08,30,32,35,06
2012/07/05(四),02,04,06,17,29,38,08
2012/07/02(一),03,07,21,35,37,38,03
2012/06/28(四),15,16,25,31,35,37,04
2012/06/25(一),01,15,16,24,26,30,05
2012/06/21(四),04,16,26,28,37,38,01
2012/06/18(一),08,13,14,21,24,34,06
2012/06/14(四),03,14,15,16,20,36,05
2012/06/11(一),07,17,22,26,29,33,07
2012/06/07(四),08,12,20,27,29,30,01
2012/06/04(一),04,15,18,29,34,38,04
2012/05/31(四),03,07,15,17,21,34,08
2012/05/28(一),07,16,17,22,31,35,02
2012/05/24(四),01,06,10,12,29,36,04
2012/05/21(一),11,13,19,23,31,38,03
2012/05/17(四),06,15,21,25,28,29,04
2012/05/14(一),04,05,06,16,18,28,01
2012/05/10(四),14,20,21,25,32,37,03
2012/05/07(一),02,13,18,22,23,25,04
2012/05/03(四),04,09,10,15,17,34,03
2012/04/30(一),03,05,18,22,27,37,01
2012/04/26(四),02,03,04,14,17,35,01
2012/04/23(一),01,11,16,17,19,35,05
2012/04/19(四),05,10,12,26,35,38,02
2012/04/16(一),03,04,13,18,25,27,01
2012/04/12(四),06,26,27,30,32,35,02
2012/04/09(一),01,10,19,21,24,31,05
2012/04/05(四),08,09,23,32,35,36,07
2012/04/02(一),01,11,15,18,29,38,01
2012/03/29(四),08,15,17,22,26,32,01
2012/03/26(一),01,03,12,21,23,25,02
2012/03/22(四),10,12,14,15,34,35,06
2012/03/19(一),09,17,18,21,26,34,01
2012/03/15(四),04,12,17,20,29,37,03
2012/03/12(一),03,09,13,22,23,37,01
2012/03/08(四),09,11,12,23,28,37,04
2012/03/05(一),06,11,15,21,26,27,03
2012/03/01(四),01,04,07,09,15,16,06
2012/02/27(一),03,04,10,12,20,23,04
2012/02/23(四),08,13,19,30,35,37,07
2012/02/20(一),01,02,09,12,14,22,02
2012/02/16(四),07,16,23,24,29,34,05
2012/02/13(一),04,09,15,24,29,35,08
2012/02/09(四),06,12,20,25,28,37,08
2012/02/06(一),04,07,14,20,23,38,03
2012/02/02(四),01,03,04,08,14,29,07
2012/01/30(一),11,17,18,20,27,38,05
2012/01/26(四),02,04,09,16,19,38,01
2012/01/23(一),06,08,23,24,29,36,08
2012/01/19(四),03,07,08,11,13,18,06
2012/01/16(一),07,11,18,33,36,37,06
2012/01/12(四),03,15,21,23,30,32,07
2012/01/09(一),02,09,25,27,30,34,05
2012/01/05(四),10,15,18,28,31,32,04
2012/01/02(一),06,10,11,26,27,30,04
2011/12/29(四),03,04,07,10,15,19,05
2011/12/26(一),01,09,17,19,24,35,05
2011/12/22(四),04,11,13,20,22,23,02
2011/12/19(一),06,10,14,25,29,35,03
2011/12/15(四),01,07,09,27,28,29,02
2011/12/12(一),07,10,19,21,27,31,05
2011/12/08(四),02,05,08,21,35,37,08
2011/12/05(一),04,06,09,21,32,33,02
2011/12/01(四),03,16,19,26,31,35,03
2011/11/28(一),04,09,18,20,33,35,04
2011/11/24(四),04,05,13,16,32,37,07
2011/11/21(一),11,12,13,14,25,32,08
2011/11/17(四),01,03,13,14,24,30,06
2011/11/14(一),11,18,20,21,24,34,05
2011/11/10(四),08,19,23,27,32,35,08
2011/11/07(一),01,08,23,26,27,34,03
2011/11/03(四),13,22,26,27,36,37,05
2011/10/31(一),06,08,14,20,23,27,03
2011/10/27(四),05,10,12,16,23,28,07
2011/10/24(一),02,12,15,25,30,31,06
2011/10/20(四),05,20,22,26,30,38,04
2011/10/17(一),10,19,29,33,36,37,01
2011/10/13(四),06,17,18,25,27,34,06
2011/10/10(一),08,09,19,20,25,34,02
2011/10/06(四),12,14,18,20,24,27,02
2011/10/03(一),01,04,13,16,27,35,08
2011/09/29(四),01,15,33,34,36,37,08
2011/09/26(一),05,15,18,19,24,37,06
2011/09/22(四),11,20,22,23,27,38,02
2011/09/19(一),07,11,24,25,37,38,03
2011/09/15(四),01,03,17,18,21,34,07
2011/09/12(一),04,06,07,17,32,36,07
2011/09/08(四),04,06,08,12,15,21,07
2011/09/05(一),07,16,26,27,33,36,04
2011/09/01(四),02,10,11,13,27,29,02
2011/08/29(一),06,10,15,22,29,35,01
2011/08/25(四),01,08,13,14,16,36,07
2011/08/22(一),02,03,12,21,25,37,04
2011/08/18(四),05,06,07,08,32,37,03
2011/08/15(一),02,11,14,15,30,35,07
2011/08/11(四),01,06,08,18,25,29,05
2011/08/08(一),07,08,27,34,37,38,01
2011/08/04(四),06,14,17,23,24,33,01
2011/08/01(一),14,19,22,27,31,34,07
2011/07/28(四),01,06,19,25,34,35,08
2011/07/25(一),05,08,18,20,22,23,01
2011/07/21(四),01,07,19,20,21,26,07
2011/07/18(一),03,13,29,30,32,37,06
2011/07/14(四),02,10,12,31,33,37,01
2011/07/11(一),02,04,12,14,28,32,02
2011/07/07(四),02,07,19,22,33,37,01
2011/07/04(一),01,05,12,17,31,37,06
2011/06/30(四),15,17,19,30,35,38,01
2011/06/27(一),04,06,15,23,33,35,03
2011/06/23(四),03,20,26,28,30,36,05
2011/06/20(一),04,06,10,22,27,34,02
2011/06/16(四),08,15,25,29,33,38,01
2011/06/13(一),07,09,11,18,31,36,01
2011/06/09(四),03,12,13,15,36,37,03
2011/06/06(一),10,16,22,36,37,38,04
2011/06/02(四),01,04,19,22,30,33,04
2011/05/30(一),02,10,22,30,32,37,04
2011/05/26(四),06,08,12,19,21,30,08
2011/05/23(一),08,11,13,16,24,26,04
2011/05/19(四),02,06,16,19,35,38,08
2011/05/16(一),03,08,17,21,29,37,08
2011/05/12(四),10,19,24,25,30,31,07
2011/05/09(一),03,15,25,31,35,36,03
2011/05/05(四),05,06,13,14,26,38,05
2011/05/02(一),07,17,19,21,22,36,03
2011/04/28(四),03,09,29,31,32,34,05
2011/04/25(一),02,03,12,17,22,26,01
2011/04/21(四),01,10,26,32,34,36,08
2011/04/18(一),05,06,07,17,23,26,07
2011/04/14(四),15,17,18,24,25,27,06
2011/04/11(一),15,16,21,29,31,33,04
2011/04/07(四),06,12,14,20,30,31,01
2011/04/04(一),02,25,28,32,33,37,08
2011/03/31(四),17,19,31,32,36,38,04
2011/03/28(一),03,07,16,24,27,34,08
2011/03/24(四),04,19,27,29,35,37,04
2011/03/21(一),08,17,18,20,33,37,02
2011/03/17(四),01,03,11,14,32,36,02
2011/03/14(一),04,05,06,11,18,26,04
2011/03/10(四),04,05,19,24,31,37,08
2011/03/07(一),02,10,16,30,33,37,04
2011/03/03(四),01,15,17,23,27,35,07
2011/02/28(一),05,13,14,18,26,29,07
2011/02/24(四),03,08,13,14,16,26,05
2011/02/21(一),09,19,23,28,35,38,01
2011/02/17(四),04,11,12,20,26,38,07
2011/02/14(一),08,11,19,23,25,38,05
2011/02/10(四),10,13,30,32,36,37,02
2011/02/07(一),04,06,15,20,32,38,03
2011/02/03(四),08,10,16,23,29,37,02
2011/01/31(一),04,10,21,28,31,32,07
2011/01/27(四),02,03,11,19,24,35,02
2011/01/24(一),10,14,18,21,32,33,07
2011/01/20(四),01,04,10,22,25,31,08
2011/01/17(一),01,02,19,25,30,31,04
2011/01/13(四),01,06,07,18,28,34,06
2011/01/10(一),17,28,29,33,35,36,08
2011/01/06(四),03,11,20,22,26,27,03
2011/01/03(一),02,06,12,20,36,38,06
2010/12/30(四),01,24,29,31,33,38,03
2010/12/27(一),03,16,23,28,31,32,08
2010/12/23(四),01,04,07,10,19,31,05
2010/12/20(一),01,02,07,20,29,38,07
2010/12/16(四),04,07,18,25,28,32,05
2010/12/13(一),07,09,10,12,27,36,04
2010/12/09(四),01,03,04,11,12,19,08
2010/12/06(一),01,07,18,19,20,28,08
2010/12/02(四),03,15,19,22,28,32,06
2010/11/29(一),20,25,27,29,30,33,02
2010/11/25(四),05,07,18,25,36,38,07
2010/11/22(一),08,21,23,24,27,28,02
2010/11/18(四),05,14,17,23,28,38,02
2010/11/15(一),07,08,11,22,25,37,07
2010/11/11(四),04,17,22,24,28,36,06
2010/11/08(一),05,10,28,33,36,38,06
2010/11/04(四),01,03,20,28,33,36,05
2010/11/01(一),02,10,12,13,18,29,04
2010/10/28(四),15,20,23,25,26,32,07
2010/10/25(一),10,11,16,23,33,37,03
2010/10/21(四),11,14,18,19,29,38,05
2010/10/18(一),04,11,21,23,28,38,05
2010/10/14(四),05,20,25,29,35,37,02
2010/10/11(一),08,10,11,21,22,34,06
2010/10/07(四),01,05,06,17,28,32,02
2010/10/04(一),04,10,18,20,32,35,01
2010/09/30(四),09,11,14,31,32,35,07
2010/09/27(一),08,20,22,24,33,36,02
2010/09/23(四),03,07,12,15,32,34,07
2010/09/20(一),06,09,13,19,28,36,06
2010/09/16(四),04,10,13,20,26,35,02
2010/09/13(一),07,08,12,18,24,33,07
2010/09/09(四),04,16,17,22,24,34,02
2010/09/06(一),05,07,30,32,34,36,06
2010/09/02(四),09,14,15,17,28,33,04
2010/08/30(一),01,13,21,22,23,29,01
2010/08/26(四),01,08,13,15,22,38,08
2010/08/23(一),09,13,15,18,22,27,02
2010/08/19(四),02,04,20,22,25,34,01
2010/08/16(一),03,14,20,22,31,36,08
2010/08/12(四),03,04,08,15,35,38,03
2010/08/09(一),04,07,14,18,31,35,07
2010/08/05(四),14,22,24,27,29,37,06
2010/08/02(一),03,05,17,21,22,24,07
2010/07/29(四),08,14,18,21,36,38,08
2010/07/26(一),05,14,27,31,34,36,04
2010/07/22(四),05,08,14,16,35,37,03
2010/07/19(一),12,15,16,19,26,38,06
2010/07/15(四),02,11,14,22,23,29,07
2010/07/12(一),01,03,17,20,25,27,01
2010/07/08(四),06,22,23,24,25,29,03
2010/07/05(一),01,03,18,25,35,37,05
2010/07/01(四),03,04,06,11,14,19,06
2010/06/28(一),03,07,10,22,27,34,01
2010/06/24(四),12,14,19,32,34,36,03
2010/06/21(一),01,09,22,27,30,38,01
2010/06/17(四),01,05,06,13,22,27,08
2010/06/14(一),03,07,15,16,24,33,03
2010/06/10(四),09,17,20,27,28,38,06
2010/06/07(一),03,14,21,22,24,28,05
2010/06/03(四),04,09,21,30,33,34,02
2010/05/31(一),01,04,08,17,30,34,04
2010/05/27(四),06,07,08,16,20,36,01
2010/05/24(一),01,03,12,16,24,29,07
2010/05/20(四),12,13,14,19,35,38,02
2010/05/17(一),01,02,03,29,33,35,05
2010/05/13(四),07,11,14,23,31,34,04
2010/05/10(一),17,18,23,26,28,29,01
2010/05/06(四),03,11,13,23,30,32,06
2010/05/03(一),01,04,09,16,27,33,05
2010/04/29(四),10,12,16,21,28,29,03
2010/04/26(一),03,08,21,33,35,38,01
2010/04/22(四),08,16,21,29,30,37,02
2010/04/19(一),01,03,06,13,29,38,03
2010/04/15(四),01,06,19,24,30,37,01
2010/04/12(一),08,11,12,30,33,34,02
2010/04/08(四),02,07,20,23,25,36,03
2010/04/05(一),02,18,19,20,26,37,08
2010/04/01(四),14,16,23,24,27,31,07
2010/03/29(一),11,23,28,31,36,37,03
2010/03/25(四),19,23,26,27,33,37,03
2010/03/22(一),02,04,11,14,35,36,01
2010/03/18(四),07,11,18,20,26,32,05
2010/03/15(一),12,13,18,30,32,36,05
2010/03/11(四),14,16,17,19,35,37,08
2010/03/08(一),03,05,09,27,30,33,06
2010/03/04(四),10,16,18,24,34,38,05
2010/03/01(一),03,10,12,14,19,37,04
2010/02/25(四),09,26,32,33,37,38,01
2010/02/22(一),03,11,17,23,24,34,05
2010/02/18(四),02,04,11,14,24,36,06
2010/02/15(一),02,12,23,26,28,29,05
2010/02/11(四),06,13,16,18,19,34,01
2010/02/08(一),07,12,16,17,19,21,06
2010/02/04(四),10,16,17,20,25,38,04
2010/02/01(一),03,05,19,29,31,38,07
2010/01/28(四),03,06,16,17,27,35,02
2010/01/25(一),07,10,14,24,27,34,02
2010/01/21(四),04,10,16,17,29,36,08
2010/01/18(一),09,11,24,25,26,38,04
2010/01/14(四),01,02,07,22,27,32,04
2010/01/11(一),15,21,23,25,26,34,03
2010/01/07(四),01,20,26,33,36,37,07
2010/01/04(一),13,20,25,27,30,32,07
2009/12/31(四),14,22,25,27,29,32,01
2009/12/28(一),10,12,15,17,25,34,05
2009/12/24(四),14,18,20,32,35,37,07
2009/12/21(一),03,15,17,20,23,29,08
2009/12/17(四),16,19,20,23,26,28,01
2009/12/14(一),04,05,10,16,17,20,06
2009/12/10(四),11,12,19,22,23,28,04
2009/12/07(一),04,05,12,25,34,38,01
2009/12/03(四),17,18,22,24,25,30,05
2009/11/30(一),01,06,10,17,19,28,01
2009/11/26(四),13,20,21,24,30,36,03
2009/11/23(一),01,02,15,16,26,29,04
2009/11/19(四),05,10,21,22,26,35,06
2009/11/16(一),10,15,18,23,30,34,07
2009/11/12(四),03,06,19,22,28,35,03
2009/11/09(一),01,18,24,29,32,38,05
2009/11/05(四),03,05,21,23,31,36,06
2009/11/02(一),08,10,11,14,20,23,06
2009/10/29(四),11,12,16,19,20,27,04
2009/10/26(一),03,04,09,12,24,32,05
2009/10/22(四),05,07,18,19,30,35,08
2009/10/19(一),02,04,12,21,25,30,07
2009/10/15(四),07,10,14,25,28,31,01
2009/10/12(一),04,10,16,22,34,38,02
2009/10/08(四),01,13,20,21,26,32,07
2009/10/05(一),04,08,16,19,22,33,01
2009/10/01(四),06,18,19,21,27,38,04
2009/09/28(一),07,08,12,13,16,22,07
2009/09/24(四),02,06,14,30,33,34,02
2009/09/21(一),04,07,09,10,16,33,07
2009/09/17(四),03,06,22,24,31,32,06
2009/09/14(一),03,06,08,15,24,31,08
2009/09/10(四),01,11,13,18,23,24,03
2009/09/07(一),01,10,13,18,19,24,03
2009/09/03(四),01,07,10,11,16,28,03
2009/08/31(一),04,08,18,25,30,33,08
2009/08/27(四),01,04,07,16,18,30,02
2009/08/24(一),13,15,24,26,28,36,05
2009/08/20(四),08,22,25,26,33,38,04
2009/08/17(一),09,21,25,27,29,36,08
2009/08/13(四),03,05,08,23,24,31,08
2009/08/10(一),06,11,15,18,23,30,03
2009/08/06(四),03,04,05,13,32,35,08
2009/08/03(一),04,15,17,24,26,38,08
2009/07/30(四),11,13,15,18,24,25,04
2009/07/27(一),12,13,16,25,31,36,04
2009/07/23(四),13,26,32,33,36,37,07
2009/07/20(一),02,15,19,22,29,33,04
2009/07/16(四),09,10,23,26,31,34,01
2009/07/13(一),06,23,26,34,36,38,04
2009/07/09(四),04,08,12,23,25,33,02
2009/07/06(一),03,04,05,09,24,33,05
2009/07/02(四),06,15,16,27,34,37,06
2009/06/29(一),01,14,20,21,25,26,05
2009/06/25(四),06,10,25,31,35,38,07
2009/06/22(一),04,13,14,16,21,29,07
2009/06/18(四),05,16,17,24,34,38,08
2009/06/15(一),03,10,17,19,23,25,04
2009/06/11(四),01,04,16,18,20,32,07
2009/06/08(一),06,07,18,26,27,31,02
2009/06/04(四),12,18,19,20,24,34,07
2009/06/01(一),06,14,16,17,26,35,07
2009/05/28(四),01,07,15,16,25,31,04
2009/05/25(一),04,16,17,22,29,38,03
2009/05/21(四),05,09,17,29,34,35,07
2009/05/18(一),06,07,09,10,13,26,07
2009/05/14(四),08,13,20,23,31,35,05
2009/05/11(一),02,08,09,17,37,38,04
2009/05/07(四),03,04,07,09,27,28,08
2009/05/04(一),03,24,25,27,35,36,08
2009/04/30(四),12,13,29,33,37,38,08
2009/04/27(一),01,03,10,20,24,32,04
2009/04/23(四),05,06,07,17,33,35,03
2009/04/20(一),05,20,24,26,31,36,01
2009/04/16(四),06,10,14,15,16,17,02
2009/04/13(一),02,14,16,19,27,35,05
2009/04/09(四),03,08,10,14,29,30,03
2009/04/06(一),07,09,10,11,19,32,02
2009/04/02(四),07,14,21,27,32,34,03
2009/03/30(一),14,20,31,35,36,37,03
2009/03/26(四),09,10,25,26,32,34,02
2009/03/23(一),03,04,09,25,34,37,05
2009/03/19(四),05,08,20,24,28,36,05
2009/03/16(一),16,18,23,28,36,37,06
2009/03/12(四),01,03,16,23,32,34,03
2009/03/09(一),06,08,16,23,31,38,03
2009/03/05(四),01,05,13,19,28,37,03
2009/03/02(一),03,04,21,23,24,27,06
2009/02/26(四),04,05,07,13,15,38,04
2009/02/23(一),13,18,30,33,35,38,03
2009/02/19(四),01,02,08,17,21,31,01
2009/02/16(一),02,20,21,22,25,38,03
2009/02/12(四),04,12,24,29,35,37,07
2009/02/09(一),03,10,11,15,20,33,03
2009/02/05(四),08,20,23,24,34,37,01
2009/02/02(一),06,18,20,24,31,32,06
2009/01/29(四),04,07,15,16,23,28,07
2009/01/26(一),02,06,17,18,29,34,05
2009/01/22(四),07,10,11,23,24,35,08
2009/01/19(一),01,03,04,12,21,31,08
2009/01/15(四),03,15,17,28,29,37,04
2009/01/12(一),09,13,14,23,29,36,08
2009/01/08(四),04,05,12,18,24,28,01
2009/01/05(一),05,24,27,28,29,32,04
2009/01/01(四),01,11,25,28,35,36,07
2008/12/29(一),02,10,15,19,28,31,01
2008/12/25(四),06,07,11,14,33,37,06
2008/12/22(一),22,25,30,32,33,35,02
2008/12/18(四),03,08,11,26,34,38,08
2008/12/15(一),06,08,10,13,18,36,06
2008/12/11(四),17,18,24,26,30,31,02
2008/12/08(一),08,12,13,16,20,32,06
2008/12/04(四),05,11,14,16,18,30,03
2008/12/01(一),07,10,23,26,28,34,04
2008/11/27(四),03,14,26,30,35,37,07
2008/11/24(一),10,15,20,22,24,25,02
2008/11/20(四),05,14,17,19,35,36,01
2008/11/17(一),01,09,14,24,30,37,04
2008/11/13(四),05,10,24,28,33,38,06
2008/11/10(一),18,22,25,29,32,38,06
2008/11/06(四),01,05,12,27,34,38,03
2008/11/03(一),04,08,09,18,23,36,04
2008/10/30(四),08,11,16,22,28,35,06
2008/10/27(一),04,05,09,22,28,30,04
2008/10/23(四),01,06,14,17,26,38,03
2008/10/20(一),07,10,17,28,32,36,03
2008/10/16(四),02,03,18,33,36,37,05
2008/10/13(一),02,09,10,14,15,26,04
2008/10/09(四),20,25,26,32,36,37,07
2008/10/06(一),09,11,19,22,26,37,03
2008/10/02(四),06,10,13,15,19,30,06
2008/09/29(一),01,16,22,24,30,35,02
2008/09/25(四),06,10,11,13,34,35,07
2008/09/22(一),10,15,30,32,33,38,07
2008/09/18(四),02,10,26,31,33,37,03
2008/09/15(一),14,16,19,21,22,26,03
2008/09/11(四),12,20,27,28,29,36,07
2008/09/08(一),08,18,20,21,23,24,01
2008/09/04(四),03,05,11,20,22,34,05
2008/09/01(一),05,06,08,10,21,24,06
2008/08/28(四),07,26,27,29,32,34,05
2008/08/25(一),05,08,15,24,31,38,03
2008/08/21(四),05,12,15,19,20,38,04
2008/08/18(一),07,17,20,23,28,30,05
2008/08/14(四),02,05,08,18,28,32,05
2008/08/11(一),05,07,08,10,11,17,02
2008/08/07(四),07,10,11,20,29,30,04
2008/08/04(一),10,24,26,33,34,38,04
2008/07/31(四),01,06,08,10,36,38,07
2008/07/28(一),09,10,21,26,30,33,06
2008/07/24(四),07,13,24,25,36,38,01
2008/07/21(一),08,09,26,28,31,36,07
2008/07/17(四),11,22,27,28,36,37,02
2008/07/14(一),01,14,16,17,34,35,06
2008/07/10(四),07,14,19,21,22,35,07
2008/07/07(一),05,06,07,11,23,25,06
2008/07/03(四),03,04,15,16,18,25,08
2008/06/30(一),03,08,14,30,33,37,03
2008/06/26(四),05,13,19,23,24,31,07
2008/06/23(一),12,20,23,26,28,37,07
2008/06/19(四),04,09,10,24,34,36,06
2008/06/16(一),01,11,21,24,27,29,07
2008/06/12(四),03,07,18,27,34,38,07
2008/06/09(一),02,05,24,28,30,31,08
2008/06/05(四),03,08,19,21,22,30,02
2008/06/02(一),03,04,07,11,25,28,01
2008/05/29(四),04,07,10,11,18,28,04
2008/05/26(一),03,26,32,34,37,38,03
2008/05/22(四),03,13,22,26,33,38,03
2008/05/19(一),12,17,20,22,30,33,04
2008/05/15(四),10,12,18,21,24,35,02
2008/05/12(一),07,11,13,14,23,24,07
2008/05/08(四),03,05,07,16,21,22,08
2008/05/05(一),02,04,18,29,33,34,03
2008/05/01(四),02,06,13,14,23,38,02
2008/04/28(一),15,17,19,23,24,29,07
2008/04/24(四),01,03,10,20,30,31,05
2008/04/21(一),16,22,26,27,36,37,02
2008/04/17(四),01,04,06,14,20,35,07
2008/04/14(一),05,17,18,28,32,37,03
2008/04/10(四),24,25,26,33,36,37,02
2008/04/07(一),16,19,20,24,32,37,04
2008/04/03(四),03,08,09,10,17,28,05
2008/03/31(一),09,18,19,25,27,32,06
2008/03/27(四),01,05,16,22,31,36,05
2008/03/24(一),01,02,07,11,26,36,05
2008/03/20(四),03,14,21,25,32,36,06
2008/03/17(一),06,10,18,19,22,24,08
2008/03/13(四),02,05,11,15,23,24,05
2008/03/10(一),06,07,11,19,22,25,06
2008/03/06(四),08,11,22,26,34,36,08
2008/03/03(一),13,14,24,25,26,35,03
2008/02/28(四),06,13,16,29,33,36,04
2008/02/25(一),09,15,16,34,36,37,05
2008/02/21(四),01,20,22,23,29,38,03
2008/02/18(一),05,07,15,28,35,37,06
2008/02/14(四),07,13,28,33,35,38,06
2008/02/11(一),02,04,11,22,23,25,08
2008/02/07(四),06,20,26,33,34,35,05
2008/02/04(一),02,06,10,18,23,26,05
2008/01/31(四),06,09,11,13,19,23,02
2008/01/28(一),02,14,15,16,28,29,08
2008/01/24(四),03,04,16,18,36,37,02
